<?xml version="1.0" encoding="UTF-8" standalone="yes"?>
<addon id="vizion.repo" name="VizionRepo" version="1" provider-name="VizionG">
    <extension point="xbmc.addon.repository" name="New Repo">
        <dir>
            <info compressed="false">https://raw.githubusercontent.com/viziong/vizion.repo/master/repo/zips/addons.xml</info>
            <checksum>https://raw.githubusercontent.com/viziong/vizion.repo/master/repo/zips/addons.xml.md5</checksum>
            <datadir zip="true">https://raw.githubusercontent.com/viziong/vizion.repo/master/repo/zips/</datadir>
        </dir>
    </extension>
    <extension point="xbmc.addon.metadata">
        <summary>vision.repo</summary>
        <description>SmallRepo</description>
        <disclaimer></disclaimer>
        <platform>all</platform>
        <assets>
            <icon>icon.png</icon>
            <fanart>fanart.jpg</fanart>
        </assets>
    </extension>
</addon>